time,latitude,longitude,altitude,cardinal_angle,elevation_angle,segment_distance
395.18335210467507,-12.442441297193133,130.85334251203466,17.588310546258402,29.123942056668398,-0.1435529271024891,5428.454894020579
598.7181729823217,-12.436634873944332,130.8969461629993,14.354782995031549,82.23945294668079,-0.03346110299801,5536.800761556791
805.8203370628721,-12.455940267003,130.94199992747366,35.312645021478694,113.69717492135345,0.2123784637638618,5654.017459851554
1010.8913936615602,-12.4720043547264,130.98911484825732,36.231575979476936,109.253521217056,0.0094729052022892,5558.048344530024
1220.0040010361572,-12.507333621443667,131.02304844247735,45.118006780289775,136.84319276576326,0.0890720388707946,5716.21101418703
1422.0658232119592,-12.5427388772868,131.059615321984,38.55943388169479,134.76916258775833,-0.0653533804277385,5749.945623182364
1631.9460292292292,-12.5905306292409,131.07361632894336,22.75433160660839,164.04414873536962,-0.1546305684836291,5856.302964057704
1849.359509354564,-12.643047701220269,131.07560341406463,51.45036078112631,177.8856294201545,0.2791020526625574,5890.850102927683
2061.4356881216763,-12.6953888944366,131.08427892373467,55.27633457699379,170.8149684249587,0.0371327374396856,5903.473200591451
2269.307007643925,-12.746866166220132,131.09586714883932,53.554988300781176,167.6163934908176,-0.0166270975837041,5931.634997777588
2473.5534049017715,-12.792188003287531,131.11988618262737,51.343080047213874,152.67009204087913,-0.0217929601212975,5815.318377245
2681.724020897503,-12.8404950992703,131.13587909957369,54.58937611913314,162.11068320274876,0.0315938200811872,5887.197073392621
2888.840398529773,-12.891590239712498,131.14045345130603,68.89584702578364,175.01246179852114,0.1408357617128104,5820.245808535193
3103.845006640495,-12.941024404683498,131.1267683025163,97.26291486114962,195.0990333359685,0.2746489352050233,5917.739364715502
3316.596737553667,-12.991642806823863,131.11888461093866,56.47263136492839,188.62939037799632,-0.3997701373423569,5846.042376239836
3529.059389806437,-13.041739378304769,131.1155004625323,61.56371432375229,183.7652070732225,0.0495701967458376,5884.533713028404
3747.5360520499494,-13.091912217681232,131.10753793667433,73.34718225249033,188.78704018382484,0.1146199004835853,5890.269288838908
3972.455983654722,-13.144670282215666,131.10614540985267,54.29678407568468,181.47235004716694,-0.1835566522179652,5946.41308913987
4198.210486045089,-13.197097443933767,131.10143963644202,55.46569869261163,184.99426340296924,0.0113428839251324,5904.483703453651
4418.573540249669,-13.240637319516033,131.114618315374,49.68667646824301,163.58333058404344,-0.0574239208283982,5766.124422131725
4644.747202565768,-13.270801055982467,131.15706606329832,56.665094625770095,126.13655503502605,0.0675297527270813,5920.852762164088
4866.060767939815,-13.301169387493232,131.19963492572433,56.30522025312171,126.24675528425627,-0.003485631975182,5915.507669497127
5083.346906192398,-13.349521192088504,131.21405841075966,70.548646409268,163.81514270555067,0.1395210619384269,5849.199971359218
5304.315506328212,-13.382368062410032,131.24958742410763,79.31937039792322,133.54275111498487,0.0848124237425297,5925.135476755473
5521.421880509062,-13.413715654076434,131.29342167057703,73.15441135347226,126.32643864880856,-0.0598035127657263,5906.442439718342
5739.836406280621,-13.456025241314466,131.32461489603466,91.14455285112575,144.35984549214805,0.1753151642790315,5879.445557685385
5963.708268702758,-13.486461156883534,131.36414527896233,97.40619362271825,128.37396327306237,0.0610291889946271,5878.587922735349
6199.73417269482,-13.5242002868832,131.40042227740832,159.6266261897345,136.93806979391047,0.6030442671233563,5911.4011011277025
6428.472081862403,-13.5632748187443,131.43560552984266,124.61696161958425,138.80603610598047,-0.3432394556564886,5843.972751225422
6650.565298697329,-13.574180362385604,131.47606595728502,178.02018075754444,105.50211039471321,0.5354516618114147,5714.222608729351
6878.983041841337,-13.5958029171263,131.51164691437234,189.1916632558433,122.01744855630886,0.1088402344693641,5880.895344049586
7095.546672300601,-13.6270452015639,131.55145126047535,218.7468418776724,128.92825730253742,0.2889851879080083,5859.721221246557
7306.656313069846,-13.625780820538866,131.60289167501432,228.20471282444402,88.55727695375094,0.0921027543705371,5883.5984371114355
7513.135180835907,-13.6427716902025,131.65226217107102,195.64188841571848,109.50637855681873,-0.317925413259667,5868.3363504852805
7722.191328939404,-13.677557123337133,131.68902490689297,193.21592544861306,134.2426307317255,-0.0235995684473752,5889.829372077638
7939.891501020901,-13.723287002446163,131.71169440319937,202.58605343359994,154.28622098904782,0.0904423461877623,5936.028461872512
8158.014158826296,-13.754553037841866,131.75489021684197,195.02244532879263,126.69643053103385,-0.0742572039767058,5835.96683484563
8384.297347183414,-13.787389360783,131.79580599390033,231.5177411514611,129.5713172795023,0.3504579370222999,5966.480208697463
8599.893983918553,-13.820639994169996,131.83416891840238,193.8526089743553,131.75402322021694,-0.3776319820610972,5714.6162459441175
8818.10748259283,-13.864775036558203,131.842134270341,181.49543135317555,170.06163847042706,-0.1206658231762494,5867.552708775349
9037.273637010028,-13.911654442579165,131.86235643803167,150.8964967402307,157.28067946724605,-0.2950704218320246,5941.545413619452
9252.426109523996,-13.951885628518266,131.89781858526268,153.66453572449262,139.45630731253277,0.0267951992570697,5918.8565176201555
9474.021846052492,-13.9969417725751,131.92656559592132,135.423377850119,148.24003146090234,-0.1758779218929745,5942.4063332268815
9690.031024508857,-14.04201397233123,131.95343805316332,136.29954975381264,149.95601422705352,0.0085779513037978,5852.324180517629
9898.73794529312,-14.083236817840298,131.98380401453096,136.43418035241848,144.45586400125563,0.0013297321688584,5800.991562586902
10112.554615063078,-14.131906333236566,131.99715510213366,128.87350491282893,165.10332021357613,-0.0733612896722671,5904.947393419301
10328.295940033726,-14.176472984692968,132.02534409480532,114.84191419083895,148.48220699442493,-0.1372902219141475,5855.8386632124175
10559.124316711312,-14.223873161621766,132.04231714779036,163.34208454047786,160.85821561490968,0.4683501413834031,5933.153271474836
10788.471297678892,-14.268898020567534,132.06783431587468,166.51487454543184,151.22288331770358,0.030906449008999,5881.8617072593925
11006.19868196902,-14.30995939408,132.09845012399836,170.83444257868672,144.15405956590536,0.0422561818158061,5856.964877512848
11217.967269577686,-14.348519205088202,132.13301896750133,136.77422829028586,139.02640802087336,-0.3405409640993768,5730.539800276022
11435.231229379557,-14.383171652425569,132.16899115144466,137.0961382692249,134.84376027298163,0.0031540289236823,5847.785040661248
11648.3230545059,-14.415407118808268,132.204515734085,119.2441539735956,133.13675504447508,-0.1782482006748506,5738.291059087813
11861.678745625426,-14.448631801624805,132.24339713467504,109.44044817425419,131.42864540647327,-0.0974813797795448,5762.233004624507
12076.159691388346,-14.472962764187033,132.288402493225,113.32074003172734,119.18075223020816,0.0384220312081077,5786.375847288162
12294.955462847476,-14.489087419393332,132.33919486729567,128.44368763140096,108.15956307757574,0.1461198148643848,5929.922601968502
12726.238124863876,-14.488056909637333,132.3479107807463,133.3292122090549,83.03878818174456,0.0474832716166485,5895.126123217826
14862.91481964654,-14.481136427962667,132.38374889596437,148.84512849169653,78.72522435269434,0.1508856549429416,5891.842160379896
15096.314027944756,-14.5111495429253,132.42419298173266,173.6558437150639,127.47489010283368,0.2437829962813767,5831.172445798129
15354.733653749843,-14.553375163618233,132.45239112167167,179.84059466354324,147.12362545952112,0.0596233536903865,5943.308734620425
15594.87459298376,-14.578397992560603,132.500661274807,197.10565504439734,118.17984656930929,0.1659728596406824,5960.08484803019
15851.794455227608,-14.59663117378627,132.55206798251302,179.77507416121801,110.1343227924753,-0.1665958917398149,5960.329107891299
16093.69812551524,-14.624368266055498,132.59901581242966,189.41105615162218,121.41207496010907,0.0932769439646346,5918.939753961202
16345.686435312788,-14.651404446006232,132.64627202252333,196.14575462137066,120.6022918566523,0.0656315555492884,5879.330858588116
16589.34775160986,-14.6786618952153,132.68646950961798,199.44246069541646,125.03257450762993,0.0320493325883711,5893.6429991723835
16841.030755313648,-14.696310162378932,132.73777317266632,171.39627395784953,109.58273709391727,-0.269736881148222,5957.347222981807
17088.67858400562,-14.711942115117427,132.79069781963335,159.59985211505784,106.9874606849146,-0.1138882200190111,5934.628662061437
17335.538429782886,-14.739923149642696,132.83450029150234,157.41211742528822,123.45015968086022,-0.0212711108331313,5892.873185735734
17583.21834750181,-14.7712988045963,132.87670926369265,162.57461959121764,127.55455141534742,0.0500381220667744,5911.283206034053
17829.51636173965,-14.798789537813136,132.9202412027813,152.06332537150402,123.15540744677884,-0.102261160123725,5889.353844520079
18073.350741013674,-14.831873005424034,132.96076785857133,147.8432339407757,130.18329165872888,-0.0414234724681549,5837.110498110172
18321.135610986013,-14.866096565622165,133.00098805216433,145.0827501383548,131.3627098443069,-0.0268164804794368,5898.017074433426
18570.55462096762,-14.9004408765651,133.042555145778,138.25463082440712,130.53311640378575,-0.0660557445048107,5922.607462861868
18815.860990885525,-14.9415718921699,133.0721322405037,161.944593446522,145.21037651342783,0.2325712868140859,5836.1779689666655
19064.484257379896,-14.993663461620068,133.08149992523968,159.06666097686997,170.14559408261982,-0.0278316032767546,5924.681004749929
19312.000614923913,-15.0455979596891,133.07976610690665,155.07220638110704,181.84659180364554,-0.038624674133988,5925.366627839146
19557.942512385023,-15.097030977984463,133.07520615733466,143.41818310690013,184.89247968693397,-0.1135931347906201,5878.22031969335
19809.001287875653,-15.148633225556932,133.08488481751664,171.38787153667414,169.73807072378827,0.2692409132985079,5952.04230261213
20058.47581057849,-15.199638807551969,133.102353122825,174.26435937242195,161.7116168200123,0.0275049878270524,5992.025925812009
20308.674694648256,-15.251058097224234,133.11788419878334,179.05630852127547,163.75349172742926,0.0461408227931697,5950.4444415490325
20558.602607784436,-15.299955905448932,133.13968833542933,181.52853485198085,156.72751113052038,0.0237837077390108,5955.678911338808
20809.760638390493,-15.350442976447733,133.15795985143734,175.9082437239432,160.76158907149988,-0.0538252634267978,5982.671445340557
21060.483152383335,-15.4017163112153,133.17472060521098,181.5941798339931,162.50791134342785,0.0546247765797949,5963.961106667098
21310.31328962028,-15.453831328656332,133.18787730790265,188.15322146483578,166.32421908943593,0.0628318856129835,5981.123259088396
21560.120047168984,-15.506537956953473,133.19881145911134,190.29691443970745,168.69553454654795,0.0205280618217294,5983.251406933674
21806.104762660405,-15.558715242231036,133.21095439812763,187.51214809652186,167.36350903196922,-0.0271008561060918,5887.465173461364
22056.21216039246,-15.605859691462465,133.23483877472435,180.68459729812497,153.99080086741765,-0.0656742807531827,5956.512493955394
22306.145720888577,-15.645883969797705,133.27164575839532,181.51200193936268,138.47594393232976,0.007929163266772,5978.788933313941
22550.98040259497,-15.686394491910566,133.3063304009963,183.37371161439717,140.5031129645477,0.0182787956490499,5835.619889152981
22799.540656600188,-15.721010431396998,133.34550397554733,186.01045013647462,132.55466073772334,0.0254376333127443,5938.995079108285
23047.144789116643,-15.7628853865571,133.37513325076063,183.42508219337577,145.7480924700642,-0.0249417695752426,5939.05984995132
23297.547446983634,-15.814422925060637,133.38455980548335,190.72288933168932,170.01912727666797,0.0705825407966511,5924.033514385801
23542.7843703385,-15.863148282763564,133.405475792687,187.31972446305969,157.56392919726432,-0.0330438657216139,5900.8520366268
23791.566543047164,-15.911098982377268,133.42470621498066,194.22600534870207,158.90966237453756,0.0677032237421949,5844.633989894964
24035.039923041964,-15.9622342006425,133.43430095621898,193.76325401204338,169.77386344787988,-0.004478567814193,5920.128844886178
24282.616603332477,-16.00892887042093,133.419128567575,194.6611761554097,197.34478549590668,0.0089038720536067,5778.064691669195
24520.959526858005,-16.057408319676536,133.42417788485335,197.76974475228707,174.28429556918604,0.0302567066506322,5886.557530149564
24777.859952653092,-16.108129578809333,133.43072113696834,203.15521441887353,172.93483692997006,0.0519756930101618,5936.709644061846
25015.805166608578,-16.1611963933474,133.42807751361133,204.73742372434026,182.73941251563087,0.0152988439529096,5925.54010186344
25273.359645316275,-16.21367926210247,133.4234076504923,206.85332241354172,184.88347921567416,0.0204940733691304,5915.469190273808
25519.73079394889,-16.257953768113566,133.39745937597598,213.66510163202423,209.36299769479155,0.0655218341706858,5956.579741711301
25856.648599137778,-16.308781650899096,133.38463749747768,223.6451183285531,193.60990798773463,0.096982075426713,5896.061592490079
28074.589632010968,-16.36174716915057,133.38044951994834,239.6103465271471,184.3385868330832,0.1535229865841533,5958.312992285383
28288.852809548986,-16.415069984856636,133.37898824487968,254.3265409640336,181.50580482397507,0.1420566597933124,5935.477472353234
28506.26804995312,-16.466616883635567,133.38702161877697,272.5556385450626,171.4998607761038,0.1776471860759405,5879.333255599003
28726.195406707346,-16.5168252024289,133.37232461552202,277.4380002098271,195.67618678334426,0.0466990916782367,5990.2376138358995
28943.633224103018,-16.566921720449965,133.35627869213,271.56229520998596,197.06648344114652,-0.0567569010370547,5931.4899490064145
29153.838649025343,-16.618065522763867,133.36744422248734,252.54662029623853,168.18431184587757,-0.183764237278955,5928.869498369606
29562.472854650823,-16.662298812734267,133.39806227759465,233.8482619130079,146.4517628099377,-0.1799787324154264,5952.556066359656
29917.618957672177,-16.7108534257875,133.41819877127534,230.64936444116768,158.33721384997114,-0.0305948778598212,5990.653326058226
30118.331602979462,-16.763859872823105,133.42790954079263,241.38296883115504,170.0507759952077,0.1029771479068644,5972.0975072471965
30347.812015340744,-16.817205851577498,133.4286369402743,235.30227236656987,179.2521976411757,-0.058286030996855,5977.38630990205
30575.731890532075,-16.870877017384064,133.42554549425796,252.4968262494071,183.15499174190927,0.1657442606995365,5943.932030534084
30803.89005610598,-16.92398459081713,133.42428291906666,242.12362719387392,181.3029286725192,-0.1000184653662437,5942.301954379511
31031.79035016948,-16.977053624144403,133.43210784592932,245.29257231614338,171.97295723566992,0.0303417346967227,5984.073285746986
31259.827126750435,-17.030101952108666,133.44119884071364,242.74587861477437,170.69438811855332,-0.0243909981596561,5982.321470876096
31489.33284226828,-17.08328358020744,133.450346665167,233.26658479154838,170.662910571294,-0.0905831739086418,5995.8494816491475
31718.15338838279,-17.136441418159798,133.45949125241768,224.42832184571614,170.66467255453563,-0.0845653966967462,5988.203415238794
31943.29601503692,-17.189555668422198,133.4683870270853,218.97918996484924,170.90960688734413,-0.0527521487916236,5918.473042639381
32169.904302611052,-17.240548097728563,133.4615843159583,208.79742321457366,187.26104305430636,-0.0988225264983849,5903.225762023969
32399.999743531946,-17.291856558823433,133.44748392963768,236.9705035437857,194.70255132388579,0.2707476286877621,5961.9601902455415
32629.32243553601,-17.344824144774332,133.43989144402232,228.54718418382043,187.7910423395887,-0.0817994282882894,5900.045159448024
32860.442106696515,-17.395683437208536,133.4486812684843,242.4872432260263,170.63501362558168,0.1341386468216855,5954.324938856716
33093.13069849403,-17.4429099564199,133.47557580086732,244.8211768900964,151.48600974227645,0.022317227347614,5991.98725581117
33326.11266641411,-17.489983041706367,133.50311101353765,225.46360242720283,150.8436702965355,-0.1849898335513075,5995.483336131703
33553.92884726365,-17.5363198569683,133.53108629873333,222.34728079836924,150.07288229245728,-0.0304639347292917,5861.096463689034
33782.3365600144,-17.571409902966334,133.57008980736,223.13077909620682,133.34383624109648,0.0076591297446299,5861.128738008097
34014.5843110349,-17.61361523890457,133.60258757760536,248.95785006829936,143.7270007238492,0.2479105637430182,5968.978920717197
34245.94424599481,-17.6645137171332,133.61983024280835,257.7607562436578,162.1105339403298,0.08463130234839,5959.60348582109
34478.84333916294,-17.71679756884057,133.63216232571466,261.0662908207684,167.33708954203564,0.0316893994434004,5976.54623683645
34710.542674978526,-17.76635515375663,133.6511014756977,225.84033042365553,160.00193565726352,-0.3398521020652414,5938.686792565068
34944.57312243611,-17.813789247916866,133.67437434539067,234.06419681099044,154.96275591916583,0.0788146565934671,5978.488753760997
35176.88024374103,-17.865223274403164,133.69071314308735,268.07525239977565,163.17764240095278,0.3265781427507746,5966.929759165458
35408.14762435421,-17.915370756701,133.70977433643333,252.97714370655666,160.11668509217964,-0.1451309299794461,5960.521694158552
35639.51931268824,-17.968184209028998,133.71285355355533,272.4740037990215,176.82562535677278,0.1883954225897217,5929.463443488376
35871.33631566625,-18.02147274592187,133.71155695636534,276.3332582312564,181.32546988052866,0.0369783300046072,5979.690275508805
36103.0803403959,-18.0748800295199,133.71764501779603,283.24659196592495,173.8151311593898,0.0661488859683781,5988.077706417804
36333.288937787656,-18.128244065915965,133.72432890326067,290.56602599117866,173.2118304125445,0.0702801421458456,5967.154518161354
36562.289452222016,-18.1813390365156,133.72515899170497,296.25685664279115,179.14902062150827,0.0547788965378161,5952.300968460799
36789.545636834926,-18.229991192578964,133.74330873374336,269.5444234424098,160.48969755380335,-0.2589707661285239,5909.930619944305
37019.73455866381,-18.274926131880665,133.772341102059,270.6092664554989,148.47168765999078,0.0102264426306281,5966.005193575087
37248.465725481256,-18.32255954741277,133.79806628816834,265.00091667110746,152.8572779582188,-0.0540249121512243,5947.898194596679
37470.298194994895,-18.365288778164533,133.82915683496898,315.5342268626327,145.3742459635015,0.4975400111192297,5819.175458142101
37695.99717457536,-18.413354027754668,133.84938701785632,316.1904340345404,158.2315620754256,0.0063514969230873,5919.533889066435
37915.6840543958,-18.462404387777937,133.86293427006365,326.9750930523664,165.3199444844622,0.1079513059502623,5724.0133280436075
38141.20336925287,-18.509617400379938,133.8805366703973,299.2809002050484,160.5296113447829,-0.270459023692104,5866.872400855735
38368.3687241984,-18.555611360163333,133.90800126047034,310.40359768842995,150.487168139066,0.1078998587804455,5906.243774847614
38597.92714366186,-18.602968140435564,133.933212791955,304.5165378006984,153.22718579316836,-0.0565742334197492,5962.1413371106555
38827.78597694791,-18.6516483206523,133.95715830650568,301.70064633880173,155.01231341035066,-0.0269450630373221,5987.689997832327
39056.05608549594,-18.70022468608227,133.98148177443363,318.61348760577243,154.62607524568807,0.1622403981641519,5972.814694675355
39282.80110668249,-18.74690364296953,134.00786113554335,301.59774419822963,151.8478335811879,-0.1648999956209823,5912.235394685949
39509.16060485712,-18.791800089818533,134.03348712720066,295.6373454752912,151.61614878929402,-0.0579803325725051,5890.024415448999
39736.96614776423,-18.8079310651922,134.07445090609437,293.89389993602947,112.59287329860632,-0.0167916024618724,5948.930042712653
39964.28234902107,-18.828410027167937,134.118686175941,314.93315432373157,116.07035924100103,0.2021121527901131,5964.289944257016
40191.62311258187,-18.82053269389987,134.096566378764,283.71752619702943,290.61505167230825,-0.3006632669799584,5948.539532708515
40419.277265988654,-18.807145484429128,134.052731466825,300.06538607183086,287.87464354268286,0.1582594360935854,5918.51592509667
40649.9685600545,-18.847251187094933,134.060862469405,298.84517481753346,169.13875540167066,-0.0116945140925505,5978.269251843736
40879.06081526412,-18.892718354431302,134.089504561215,323.0598878736649,149.20570091158294,0.234576142767328,5914.468078683069
41105.68286359252,-18.932112521947833,134.12030229874065,336.6538645836766,143.5191127990472,0.1328795338743082,5861.520379730996
41331.94396220015,-18.979951289839065,134.13880214234166,299.0351633589183,159.91350424277982,-0.3675272492469231,5864.499170944708
41558.37045450961,-19.029464681842537,134.14481522322265,307.5809469793645,173.45074301364343,0.0833270540603733,5876.086637137298
41783.059554991814,-19.07685969076977,134.168075973138,320.6487789516274,155.1173193879274,0.1286940662850041,5817.908951532056
42009.921801739656,-19.126591891450538,134.1697268916037,300.54856900498186,178.2035848511365,-0.1961311466734133,5871.8501292864885
42238.41669934059,-19.1793837272113,134.167135053734,309.56787130971605,182.65492419255168,0.0870680770364529,5935.21272111923
42465.58908505942,-19.231829090535133,134.17615427538567,314.35722862294625,170.77704874305437,0.0462784391772829,5929.540966198658
42690.989015549094,-19.284552111496403,134.18451809769735,297.3705793299,171.48406339553014,-0.1631752739257248,5964.5107854324
42930.17843246378,-19.337789007067432,134.19115688582934,310.20800790865917,173.28902880772716,0.1230454476392516,5977.704667084634
43148.237381138395,-19.390918079576533,134.19985812518098,325.60024824721796,171.21809628091023,0.1476187215605918,5974.231777316744
43523.184822894866,-19.4435173367248,134.20864633598867,333.737035109888,171.0466725245019,0.0791667804827955,5888.874683304238
45664.87112216654,-19.496371339363566,134.21723251225268,347.9111894927165,171.29360361802594,0.1358167593564317,5979.510238962898
45868.33383413937,-19.54853320293823,134.22252699906733,346.453847408306,174.53626409021308,-0.0141507266279179,5900.725188276108
46108.44025457539,-19.5917317715681,134.199273584568,382.9571618771246,206.8900206760576,0.3572672454787732,5854.04561183198
46332.878151420875,-19.642426071112663,134.19025704081,353.25481693752874,189.50935312749667,-0.2960788301329271,5747.806615120164
46562.44257287336,-19.69172490232173,134.180597935852,342.5960200822407,190.45188849348824,-0.1043843043823447,5850.528989378998
46796.135019671856,-19.742315065327567,134.19211282191,327.4585063675023,167.90824251445872,-0.1465851843314899,5916.790020948652
47032.7925907626,-19.7954679104115,134.19751370635132,328.9130533483881,174.53878403652948,0.013914965662283,5989.192031974427
47268.49855889754,-19.849176986119897,134.20265028356536,334.35232724596926,174.85978697765813,0.0519771116089482,5995.857461272196
47504.01700934286,-19.902746437219538,134.20780325466336,346.34978908174406,174.83184023026092,0.1150546424950879,5974.578593184242
47736.954374826426,-19.956176003136935,134.21318358649967,347.98234124913193,174.59290415228202,0.0157722461638984,5930.565988606913
47969.27642236332,-20.008769580168597,134.2164604042767,358.6999589326206,176.64951085670032,0.1035992465246717,5927.394368977044
48201.61705021171,-20.05933238028027,134.208456492579,370.97848359314116,188.45753351502208,0.118595572681109,5931.980605042532
48435.00522763645,-20.111438122158035,134.21948088530368,383.7863748126545,168.76306986857583,0.1229900644416002,5966.636309548609
48670.1173515691,-20.165096516421404,134.22117168077534,374.0771713408412,178.3057491058006,-0.0929581124251864,5984.371656751484
48905.21387450906,-20.2188164093078,134.22183429744433,361.5962384291313,179.33685414839533,-0.1197463125193652,5971.822630671968
49139.33720268587,-20.272219254692967,134.22729630519268,351.86065167905195,174.51960492369324,-0.0936848884101857,5954.082288118154
49372.79786658987,-20.325393911525733,134.23357709909402,356.4917079588169,173.6795912318313,0.0445565616978766,5955.125708058033
49608.34131043509,-20.37860235824523,134.240272267339,353.98601405229033,173.272850945566,-0.0240105175757011,5979.282901293596
49843.52344711419,-20.4319490661643,134.24693791795332,365.7323358858669,173.32173376705327,0.1129077090390526,5960.742631477102
50074.83479155201,-20.484607851893532,134.252988909707,384.3117742487222,173.85616209843636,0.1811106290585846,5877.732654088686
50305.47621084682,-20.531157384011635,134.27027913181163,413.57449156177995,160.82040175252962,0.2865187811668891,5851.68000667221
50531.57977785961,-20.573799088142,134.25289496528433,379.5307929776405,200.8903806425083,-0.3392100588688432,5750.234722030749
50761.40301857897,-20.616360762111334,134.22450570086366,360.9105085761016,211.97507291095266,-0.1821551223845752,5856.876826645606
50998.10988496247,-20.666340642291537,134.22825866464905,356.2872422253338,175.98114280348454,-0.0445495466480352,5946.044707818031
51236.13642632798,-20.718979080170595,134.239220524503,359.408324287187,168.97799634300986,0.0300240835339362,5956.045688717043
51469.61093403683,-20.77130782231693,134.241218312938,358.12974047880476,177.95562472512415,-0.0124660031504438,5876.579199765707
51707.341733198584,-20.824081605526533,134.2396070291553,361.9152039674028,181.63463139695702,0.0364033198646271,5958.001990457435
51946.62890388289,-20.876698237544968,134.23166537710068,372.28129283458,188.02719420871284,0.0989895812826341,5999.950131134236
52185.498479284055,-20.928887636282766,134.21701458711766,380.64627384805004,194.69219596921067,0.0799078261448139,5997.883063023936
52422.26801276627,-20.980727967289106,134.20238056959667,388.3225322029969,194.76572272044814,0.0738833886477943,5952.853144113377
52662.07343463291,-21.03271659254583,134.18753304520467,396.54354102595534,194.92577298988306,0.0786636822318619,5987.881568385589
52901.68261700958,-21.084849127592932,134.17291164510766,406.52107370265645,194.66462385719595,0.095336708713904,5996.325994959525
53140.41235703976,-21.136908957352933,134.15793887766435,415.9928025581013,195.01628204704,0.0906020495442132,5989.816328692327
53381.331579147496,-21.189018135719664,134.143286179701,425.4819742905672,194.6910743362817,0.0909307290165919,5979.1562298226345
53603.271504861084,-21.237523291861866,134.12127274777734,433.00408972766655,202.92850931648397,0.0727790968609154,5921.827205162246
53889.2637090241,-21.275903760608937,134.0817500908487,442.2291568662746,223.81476145502685,0.0881450177236498,5996.447779253928
54137.57371191408,-21.31326805361963,134.040563153315,448.73934391292397,225.75700588292918,0.0628186027802695,5937.828535570317
54483.54279827062,-21.352913324669,134.001691855544,459.42276843676086,222.39827325151055,0.1023170862561167,5982.524597669255
56703.987021868445,-21.3926884927036,133.96275283900198,491.8019921205265,222.34685581670948,0.3105155485916339,5974.498559891379
56919.22895534829,-21.437615263806833,133.93331727571464,491.8414985146123,211.37594163519304,0.000379048412838,5971.663693072385
57139.68764880602,-21.4879821490179,133.91290269146666,503.3911547257867,200.66329178849657,0.1110951036896676,5956.569681678126
57353.17779281619,-21.52921347745154,133.884343232323,520.3465691474779,212.79365960268737,0.1697202265574605,5723.9544429422
57566.86571546417,-21.552629062930738,133.83867592207335,524.8027596188567,241.12612354674343,0.0436323304262444,5851.643835352388
57983.348120293995,-21.5812096309125,133.79186862779835,505.1808114903071,236.70378621118812,-0.1920221921154994,5854.795177509467
58465.10187160209,-21.61541568481237,133.75012970448034,528.1655592061603,228.59903604232971,0.2224141303290905,5921.037572913835
58709.9947202779,-21.663192699432333,133.747152116957,489.3291523056643,183.3149090808342,-0.373532774314804,5956.989145131773
58958.38154717578,-21.71353068210867,133.74916465319728,478.7580417552466,177.87280287441808,-0.102655317470834,5900.126619165804
59210.42294577523,-21.74612408404657,133.70721169296633,477.3837124598989,230.0853703242028,-0.0132843037909733,5927.5418653951
59462.07009839368,-21.78692562280603,133.67561411504968,481.43826297791105,215.71809699312803,0.0392813994259776,5913.959265754856
59717.26874864155,-21.831949699048067,133.64662498847233,489.4764423960913,210.86449838838936,0.0768127707284423,5995.793086808674
59971.99967877244,-21.87211300989407,133.60801935827965,499.952901920993,221.73060291086355,0.1005409876650591,5970.264594057104
60229.65673201042,-21.907806194758233,133.56500110560668,506.317113813974,228.18916607786812,0.0610291593657914,5974.887206058842
60496.645296596354,-21.942249982136996,133.52054399671067,515.4446617594424,230.12409686726514,0.0875393453702007,5974.108732932204
60759.03292538877,-21.98027490705893,133.48099126316936,524.7435996335926,223.9632919679555,0.0897661624107001,5935.3039486910875
61010.51094167816,-22.028904209044537,133.45962516184133,535.8228617860107,202.16004515545774,0.1071734155074551,5923.056740236203
61262.069662280446,-22.077128053596,133.43562609461702,542.5688400103392,204.7569811444249,0.065045924557036,5942.200338029599
61510.74394668269,-22.125547521106068,133.42055525334436,552.9380338252047,196.0839172292829,0.1014977270943516,5853.435718139196
61760.95969489788,-22.17335089427993,133.43056085176903,565.682905596302,169.03054637844298,0.1235471125227252,5910.508276899383
62013.35813384687,-22.22673292376043,133.42604946754034,574.0879515471195,184.47322579119563,0.0808102945060608,5959.306833570046
62266.74446189938,-22.279674347885635,133.41879339086265,586.6531624118402,187.2280061217027,0.1205686704496187,5971.140644531772
62520.699280602435,-22.330398471094306,133.39979043398964,595.6446104744431,199.1128171607986,0.0859603879812107,5993.128361419394
62775.06666940151,-22.3809304160198,133.379512122303,606.301192909603,200.35782997373124,0.1018589897903787,5994.331532098271
63029.29041051682,-22.431432306947396,133.35930803536868,612.8269957946485,200.29371610548316,0.0624618508286086,5986.066857853584
63281.34736045811,-22.482017071011832,133.33952130465002,631.0211097479864,199.8710219204406,0.1750383177324472,5955.511410081212
63535.420097956216,-22.53433358930863,133.329638905974,645.783960306422,189.89695251589822,0.1415753837192269,5974.536581713212
63789.362383509106,-22.5865778814708,133.33882765505268,647.2371038244481,170.7762732585029,0.0139549439995243,5966.271807767918
64040.962845730675,-22.6385061629614,133.34999332242103,661.3359831214892,168.77534823721953,0.1357925894904514,5948.813334544294
64295.48809079114,-22.688689574732106,133.37023526772333,659.0101411746153,159.58797178501072,-0.0222585852738248,5986.9447688175305
64548.68436988848,-22.738807557467695,133.391656894142,647.594942762476,158.48604258358955,-0.1091654724688928,5991.2890504867455
64800.00005004532,-22.788910365222065,133.412818198173,659.400945306026,158.72521357525432,0.1141471622399524,5925.97494726693
65056.30798137892,-22.8337281776589,133.44243178386702,658.975966477764,148.66119317981122,-0.0040738013743447,5977.093864747156
65309.61516102219,-22.875935531476298,133.47880360025934,644.7001486066611,141.55441077033635,-0.1364184518539117,5995.83528747843
65556.41132253698,-22.918145157660263,133.51511256447333,636.4646844239328,141.6128312996346,-0.0803143361425224,5875.128322208544
65808.53883535844,-22.959068010167496,133.55110738375402,644.2192121401893,140.99874020770335,0.074433100485263,5969.138157856218
66058.64262061562,-23.001272750621567,133.587364375015,658.555049726766,141.66668039763988,0.1371590411216071,5988.532828459398
66308.94483119491,-23.04351066207637,133.62368637617502,669.5474978671534,141.64738588854675,0.1051818550706722,5987.916613829724
66558.8060410554,-23.085751018087898,133.65992945891898,677.7704612823013,141.7183647872656,0.0790261974992479,5961.83056916058
66811.97992648551,-23.127854495417935,133.69597366712566,695.2295352976743,141.78994029827618,0.1675104547488831,5971.737147263099
67067.8462257904,-23.17006284921427,133.73215310122734,703.246184534837,141.76372680135444,0.0767978055577255,5980.898656131048
67313.91766389113,-23.214539993129964,133.76063833472833,707.652466284718,149.52067080183883,0.043169005212919,5848.207495090835
67561.91798038919,-23.265427811675867,133.775992426934,702.3350669175458,164.50739565404194,-0.0514956359404014,5916.316094098854
67816.97607572642,-23.3168088355089,133.79229347491733,716.5945754987567,163.75688614769706,0.136742105142401,5974.810082028903
68076.41913962859,-23.3683655992356,133.809110397254,714.4136535194248,163.33114568470717,-0.0208786152407595,5984.95723452693
68321.88530471658,-23.419943619239863,133.82591970526698,712.3371226535974,163.35088686648544,-0.0199045618903285,5977.34582201818
68783.66129270359,-23.471193147302632,133.84263573403834,729.283642342697,163.34401860805337,0.163182442929241,5950.158686574084
70921.33077578574,-23.522469038698834,133.85941583475602,717.2272418713599,163.297987477461,-0.1168987408500944,5909.215955625938
71127.72797163941,-23.573393802534767,133.87439241037902,669.1070018347875,164.914671675441,-0.4679419142010979,5891.811095087512
71360.01933432878,-23.622777989330096,133.8724991399573,636.7053459170978,182.01168864023134,-0.3267526810559603,5681.5387132627475
71567.31291914318,-23.66738337624164,133.8676155447413,584.4833045705291,185.7262309375712,-0.548942661538326,5450.4982480242525
71767.72391962793,-23.7095006415222,133.872468075959,568.3391610792719,173.97813975209328,-0.1785709505724225,5179.948294858381
71986.21316054456,-23.7535624734596,133.87061985906033,554.4032388141891,182.1986532123559,-0.141197767002641,5654.961335196585
72207.10678267611,-23.7968602049497,133.86498761875868,548.4202978221065,186.78753113567257,-0.0600168201820459,5711.684516201669
72435.73767225983,-23.8348741917408,133.82718426484436,554.8423591797757,222.28762890133007,0.0620400379775356,5930.958132174261
72666.93720398002,-23.8769320519992,133.7909666749883,575.2368880022008,218.2154582042279,0.195794331288779,5968.078189336524
72898.36911111238,-23.918483309315032,133.75389053199936,605.8089499292477,219.20013649739028,0.2932199917325243,5973.790589534363
73127.82117208873,-23.957826580018537,133.7140003904477,612.0299293802965,222.81282045855957,0.0599108332908982,5949.437146819557
73356.42283943642,-23.994409353652067,133.67154149812666,590.402557151748,226.67267729961088,-0.2098072786597886,5906.142150798831
73587.58777862242,-24.03633334553984,133.63605760847202,594.2347448662463,217.70110459183294,0.0367591990779623,5973.148428816476
73816.97121986128,-24.07537143592913,133.596522882554,602.0833585530131,222.75352617990075,0.0757406540597475,5937.262925962596
74048.41869834428,-24.1122926559862,133.554560081877,574.2425403037859,226.04670581070636,-0.2671453950168084,5971.0923499254195
74275.54885931914,-24.1517724675317,133.51541759049832,571.1053376130054,222.13105774986977,-0.0304741540834495,5898.390361119925
74506.23492949881,-24.1968846271398,133.48557898748,538.7155337305969,211.10178120120136,-0.3127035042236354,5934.633320907764
74733.19791961391,-24.238598225393737,133.45145246743633,517.0846748661468,216.72018311205704,-0.2120161431324292,5845.551405192164
74956.89779047231,-24.284090851709635,133.43475921236436,516.1829816677108,198.4935112653618,-0.0089053375092991,5801.376333694673
75179.75269804237,-24.326902955002662,133.45826953013665,481.16436497208963,153.41794862663232,-0.3460176202158574,5798.532882525493
75400.47202824107,-24.359920019222567,133.43106283095366,485.18252691617613,216.89203166262595,0.0396211455613293,5810.626644862683
75627.68242760353,-24.400030559302067,133.393757369944,466.6626510315487,220.26125133449196,-0.1778698098044955,5965.640361800543
75853.45602187066,-24.439647184984636,133.35500192969766,446.89170900621895,221.68495496887024,-0.1909840439233587,5931.3192680087905
76077.51206099389,-24.4694807908118,133.30780504980297,442.249582020366,235.21393082840925,-0.0451430583384222,5891.807932510821
76296.6979349607,-24.50292415650873,133.267082569311,428.65170119800496,227.92806711032623,-0.1359623531353287,5730.260627897268
76516.20457924015,-24.546063089482132,133.24195643376368,427.88147265733386,207.91393713122545,-0.0076986904861685,5732.253355901528
76739.10017565753,-24.5926304537938,133.22659644487234,433.26055196089396,196.69499724133664,0.0527262666776612,5845.254636451757
76964.3968243869,-24.643197606151336,133.21064134026,453.9839643041696,196.00189364195765,0.201248887400492,5899.954015838704
77189.24513430892,-24.690836501436163,133.19073167465672,422.2067856205312,200.79223208988225,-0.3091457515148307,5889.392126586425
77407.94458730583,-24.739061013864703,133.183033700797,414.6210034075686,188.24910216178498,-0.0762849553879431,5697.49364176224
77633.55103197959,-24.788847037220464,133.18176205484667,427.8510814750045,181.3283791359471,0.1284625377096064,5900.758144818297
77859.12019861834,-24.840695197981,133.19186924730232,420.69879336247124,169.9680867648391,-0.069092209460612,5931.142270196791
78086.42194430866,-24.893855827833136,133.19557211164934,414.9081784614907,176.38471055351692,-0.055764498903317,5949.6220064085865
78311.8187299923,-24.9466931468868,133.19553077452665,413.62993997123874,180.0406430217557,-0.0123668846305418,5922.079145495209
78539.14915201704,-25.000180048649565,133.1990273705103,439.5391598802909,176.60931025155128,0.2475523709871152,5996.6289478183735
78765.73355550846,-25.053751562178636,133.20160743421164,449.2293231972187,177.5017886395608,0.0934215162480061,5943.009609910587
78991.39446895712,-25.106449707945096,133.19797084594902,455.9328897350703,183.5756529183541,0.0646815291502022,5938.108022287914
79217.7906095942,-25.15882541714597,133.19572607586665,421.084171282289,182.2215653267017,-0.3362238162402633,5938.489402198206
79440.27355786372,-25.211266757514167,133.20348109771734,410.9202822846751,172.37948789044253,-0.0999520172833769,5826.269124792162
79664.8444047921,-25.263731531419634,133.2090846004093,402.8323025868305,174.48295692091915,-0.0779721495787833,5943.235089778345
79888.22654730687,-25.315678440817337,133.19946646639397,409.62181488985533,189.50158759641405,0.0655510728350037,5934.46016003891
80108.33297669319,-25.3683082997437,133.192298146572,425.17120748832355,187.0160239686462,0.1506143811363122,5915.188915183864
80333.35033316437,-25.4198388755204,133.20278109145036,437.6872148478323,169.58885759137286,0.1212743706290539,5913.14820606564
80541.57130420707,-25.471103144226568,133.218121341602,452.11237098202344,164.88245898210812,0.1392445036063778,5935.594703779354
80789.92748401908,-25.5231521909676,133.22086161576,451.25324528383817,177.2799194162468,-0.0082958943896053,5933.570742527456
81020.3691490417,-25.5752026000441,133.2105118902457,471.047591595908,190.16826824161132,0.1923237117794741,5896.975634792363
81357.93764503536,-25.627858186694738,133.214881987709,486.900096270721,175.72058062107612,0.1537515569498288,5907.448681576848
83547.0599094808,-25.676021715537537,133.23838287683637,495.6986280403001,156.26286777338873,0.0846900424775077,5952.510524517234
83750.40153526141,-25.722620781231637,133.267826363551,504.0377421111242,150.35152481329362,0.0799613883241567,5975.330605855028
83957.9234649559,-25.771142570449765,133.29090203798702,535.5988696162316,156.81668421757172,0.3064110670930156,5901.556300245735
84160.30538015935,-25.822306110802227,133.292883770488,508.5285552862196,178.0031489889892,-0.2682311645703265,5782.338650616877
84365.40374769157,-25.86849690444987,133.28139959169735,505.3387641853119,192.61001001827148,-0.0311905037739412,5859.525414575749
84565.9281497125,-25.913402651327996,133.25139131650633,520.8187604344189,211.00671516122634,0.1500042146391293,5912.743369540273
84956.13526036926,-25.960609876509963,133.22519554497964,531.5573114040271,206.5142549700751,0.1041562983091314,5907.208501815236
85296.53524597376,-26.005672241592464,133.19662326046333,521.3717353317245,209.6756689316093,-0.1004099232672636,5812.074189698953
85493.84300529677,-26.05743015826136,133.19320675799997,505.8740261616866,183.39364665498303,-0.1505396541200459,5898.454393862274
85721.1296810362,-26.1102367604932,133.19937216678167,488.5300423519267,174.01501182217703,-0.1689993756309108,5880.105690661641
85949.13424406543,-26.1633474932888,133.19501128939697,472.7092793447861,184.21486297431392,-0.1512816419274175,5991.876019869592
86177.60252818391,-26.2168179962475,133.18873392941902,463.12907938398155,186.01230456295207,-0.0920583426942592,5962.572606004378
86405.55289394253,-26.269871638046663,133.18754957957964,447.5990227903731,181.14679547765616,-0.1505705034828503,5909.554856080368
86629.9943606654,-26.322530337720867,133.19463738331933,433.7842122201137,173.1209531061886,-0.1348886740357628,5868.015856437774
86852.26146581744,-26.3683083237925,133.22134934151364,426.5700389121366,152.40065209207683,-0.0705619976694738,5857.8482455803205
87080.90476936137,-26.416723179609836,133.24416978257432,413.10105371807737,157.11448469511947,-0.1289563474106329,5984.30956166836
87306.97244236861,-26.468349824294165,133.25725650267933,423.5247014088102,167.2152401411414,0.1010787949599853,5908.562725432527
87533.44960563764,-26.521713790207603,133.25505253108904,424.1528609992771,182.11637175554966,0.0060337929568703,5964.88701528798
87759.3429445287,-26.574515128778796,133.251937999714,420.1318342119496,183.01979120569808,-0.0395335777813777,5827.6493196582505
87989.8245479863,-26.62310604131663,133.27053400657,400.30158273750556,161.11315159831747,-0.193199151737373,5880.902683798033
88218.91728476735,-26.6727633695624,133.29015736893203,396.07677237060676,160.5511924600953,-0.0413326556536767,5856.477340925172
88451.83937002337,-26.7221059114412,133.31135505696966,395.0493854406075,159.00778997181078,-0.0099249157943803,5931.0260808886
88682.23055859882,-26.77354345902843,133.32501388137965,390.44821014555475,166.66303956782724,-0.0447611035298032,5889.664257239454
88910.62875395693,-26.825292396935136,133.33347236038065,412.9410614118437,171.70125223042282,0.2217048041764954,5812.860120389816
89142.35219458542,-26.86292321223463,133.36893455407596,405.1323894509431,139.95021929200698,-0.0762188058486358,5869.990720389605
89365.54509877313,-26.91194857528724,133.37749029422932,390.84412392903323,171.15479213230344,-0.1414881343204552,5786.037471009916
89588.06106546977,-26.960687856019437,133.3866587783067,381.01776312044956,170.48190331506612,-0.0979913480243517,5745.491461402635
89817.53744311006,-26.99988530576596,133.41876350630304,364.6356923868689,143.88127324634576,-0.1598738535943023,5871.010522367558
90048.1184224438,-27.04700438391427,133.446852821098,379.52380165419436,152.03588503419724,0.1429671131866924,5966.575365110363
90274.25308227466,-27.094568821429935,133.47338647919935,373.1019876257986,153.59099075378754,-0.0629499542096703,5845.003339807405
90498.79499060556,-27.13333067073244,133.5107235548787,362.1031836745487,139.39923868891793,-0.1081926176313131,5824.651541566687
90721.56110853444,-27.179448293517968,133.533484868475,340.19758580161135,156.29688454232814,-0.2161921243048855,5805.448988312552
90944.35478782756,-27.22730005123767,133.55614403650097,336.6552473992324,157.16672748297492,-0.0349100579459178,5813.826355202144
91164.41243344297,-27.26983266518687,133.58982728801067,321.181869966953,144.85999015685394,-0.1523240959676902,5820.20282042694
91382.04445352414,-27.31034450694013,133.626924813883,321.33072220208487,140.86988595096693,0.0014683218551204,5808.40284610299
91606.03097947428,-27.35492330284814,133.65849855834134,309.9977476312276,147.82938173388635,-0.1091428632934904,5949.365879226267
91826.84245037612,-27.400358544231775,133.68949693922804,294.08227177210364,148.79804443772844,-0.15523388741796,5874.280284954113
92043.91295743403,-27.442443965230098,133.72451270920803,284.3985862029253,143.5609298093808,-0.0958768969951121,5786.939427118763
92266.32901135997,-27.48402318632634,133.76045236765302,298.7860286401427,142.52160126709293,0.1389223543578922,5933.804664015129
92488.11070681308,-27.525636251076037,133.79793455440804,290.3733367711222,141.38648133727997,-0.0814872006204002,5915.179436514665
92713.64470676664,-27.570138859223263,133.8313616410103,291.13497492495395,146.34541528902503,0.0072975127385642,5979.934952920928
92936.1601848064,-27.6136614864906,133.86611309288168,291.726414074668,144.72260598344434,0.0057651932640025,5877.854471010612
93163.37012120002,-27.650077084127407,133.90959776735667,302.28952244935016,133.39771937599653,0.1016265207015894,5955.344033622267
93387.20125986484,-27.68900077927263,133.9491289688683,314.11109454907745,138.038955798521,0.1164762324358622,5815.137056776071
93611.3809050994,-27.73174548703287,133.981983604735,315.68491868677955,145.7734989643517,0.0154537634512454,5835.049752377347
93833.15902676678,-27.775867184541603,134.0124481634997,295.05396853959576,148.58078288218803,-0.2040927452586629,5791.785346074594
94060.97210470877,-27.82637383753673,134.02452778781236,288.45760004519445,168.05734073422673,-0.0636118225889453,5941.410011106267
94288.47401136758,-27.87715530408203,134.0428209827307,283.2055956806211,162.33738995910278,-0.0509331037919996,5908.094783271386
94517.39630983263,-27.923825532155533,134.071221694079,278.2091782441174,151.73507975853352,-0.048176612227931,5942.168846918075
94740.713269352,-27.968661456884465,134.10253893541,274.93366576939167,148.33136338827865,-0.0324468117615886,5784.020379597616
94963.83254843288,-28.018850414094832,134.11130904181837,279.3546694183329,171.23067704518553,0.043438719129281,5831.313787362691
95180.5261605328,-28.069241675647767,134.11291371286268,280.9448336406745,178.39048662162827,0.0158833739404201,5736.1676858285455
95401.72435034523,-28.11623411710283,134.13281769585933,270.0775117696141,159.51616211315957,-0.1073969976777449,5797.656936954774
95627.11983737008,-28.168120192260297,134.13355237732566,267.76313151561993,179.28483979905752,-0.0226898135634399,5844.217866295776
95852.45875704954,-28.21864050711174,134.14957231935668,275.41747872058505,164.3892874954838,0.0746153332245622,5877.63295953221
96080.30233140844,-28.2710155476016,134.15669718677566,279.39478559410145,173.16804745340096,0.0384005939027405,5934.357789806225
96307.02088863828,-28.323437824116635,134.16702688924872,268.63122211251357,170.15956988436892,-0.1045276639065974,5899.93168105489
96530.83124441408,-28.374862665712232,134.18110489539364,271.56624156478443,166.45739572127684,0.0286515820372106,5869.281953374186
96752.28429513396,-28.42590762636583,134.189333097098,261.5275470031821,171.9315248693838,-0.100736053317849,5709.71582268633
96974.00688699888,-28.473366263986804,134.20150321958198,264.50698059576825,167.29698585553592,0.0298125101418518,5726.0845858512475
97200.00775001256,-28.518312462861733,134.2280087998137,282.38561081528485,152.6097590802293,0.1758813361339412,5824.192947268868
97427.96764342356,-28.560895916835033,134.261010659366,272.92303605600716,145.76002849506483,-0.0940790164780785,5762.869660854244
97652.76195186918,-28.600965872393232,134.29669394352666,268.92344849445834,141.9828656246575,-0.0398558667429338,5749.70434304663
97877.84568491022,-28.635222187039737,134.33803287591698,276.44011669796987,133.35973374282486,0.0749656053663322,5744.942846789254
98100.82382634086,-28.658657621068137,134.38844713633634,269.50303821479355,117.92212668184908,-0.0698336632286861,5691.597777400268
98324.14658782458,-28.684438872849267,134.43718880578902,249.95154548826378,121.09561968052617,-0.1953245936547084,5735.138908241605
98550.3099311013,-28.724216845412705,134.47393744162235,255.56474945664945,140.9905380771071,0.0553571314273756,5809.780755785017
98778.53769775663,-28.76542167251766,134.51005340492767,233.67432972431533,142.46684877038376,-0.2152000337380121,5828.171784063938
98975.62662618466,-28.80615833731883,134.5446081016503,233.9143673710214,143.38029744633263,0.0023915562834895,5750.708928521053
99325.12645299912,-28.84387255521477,134.58312445085863,220.85419575798716,138.18934196439523,-0.1294868355441797,5778.8997316749865
101610.60811856332,-28.8805872557645,134.62405355982332,230.42536464709048,135.6965792332602,0.0937098446751014,5851.9688648856245
101861.59851722716,-28.9229181397678,134.659109012896,220.44207477295117,144.066893418238,-0.0972550528877069,5881.440697460404
102112.59244403796,-28.970060001509736,134.68280096542134,222.74550704464383,156.26667826948767,0.022809298352175,5786.102603970098
102361.0130992636,-29.010697919053104,134.711015906117,225.42958329954968,148.73628706691687,0.0271039376136887,5673.944207587571
102589.39335978196,-29.019542950077593,134.751764257996,222.51547695696934,103.95000006702162,-0.0316166335533163,5280.953687039418
102837.59675849573,-29.03825699898596,134.7905061965263,206.1498751057738,118.92761265509182,-0.1614432545891554,5808.092980236692
103090.74601936768,-29.070079545283132,134.83756000553734,205.77885912652278,127.7390200261421,-0.003657113408231,5812.685399988886
103341.73455851056,-29.09828025865773,134.88686238146303,222.54836531731576,123.2177942485053,0.1648832242812157,5827.27127697317
103593.64761755886,-29.1417375572226,134.917675169816,219.70289769253048,148.23278075032567,-0.0279431720931674,5834.458313172794
103843.9571524967,-29.18652955541704,134.94592229076133,203.8043117829755,151.1660860041257,-0.1590508462453742,5727.222171423669
104107.64812645504,-29.23607785693216,134.95950727241498,213.3509740650137,166.54505702260553,0.0922417683232136,5929.883983949015
104371.36604668168,-29.288726414093,134.96983751516163,190.62744881187467,170.28918080245262,-0.2182637657030383,5965.056960203739
104629.00955190188,-29.34073022829713,134.982928759038,198.22121728575092,167.6231276035278,0.0740556066357383,5875.1884108669055
104887.4062072236,-29.39096345962474,134.9983640188673,198.28468998427468,165.0123276569193,0.0006198634629114,5866.965803233212
105148.1176390648,-29.441419835854127,135.014919100755,195.30242754937927,164.05382801155224,-0.0291079745880177,5870.248227094606
105412.75694224476,-29.492008001887232,135.026358590418,184.72287086058338,168.86498231505539,-0.1031140748577584,5878.5698635132085
105672.59556715842,-29.536565395791538,135.05762686676334,185.74586560613187,148.595773691619,0.0100014985103048,5860.449884411339
105933.44173752647,-29.583192480317933,135.08045849034335,200.2688095053138,156.93502220137725,0.1421958690642198,5851.7992725294425
106196.28345934836,-29.62003991606563,135.12229498743633,226.71417851575927,135.37918364388418,0.2598570906454532,5830.88819766073
106456.68689273176,-29.667966341185803,135.13405109671902,234.35276977192473,167.96820962036463,0.074562022775662,5869.728006967776
106711.22378496132,-29.72011568949696,135.125774231516,210.42696304042425,187.84798463090948,-0.2329405607198598,5884.935581978109
106962.51031628223,-29.772110233011997,135.11963637419902,190.95382807161405,185.85047086480364,-0.1897485630631888,5880.014850343329
107208.57489002615,-29.824454991955804,135.12246695181972,177.7332598162218,177.31402389202447,-0.1317169529494545,5750.8271518997535
107459.68903637474,-29.874255171752267,135.1303520899447,178.40130856027054,172.18242992098692,0.0065472834754737,5846.145736592764
107710.31032234392,-29.921800052037604,135.15561485885567,176.44302510326548,155.2740325864661,-0.0191937839449692,5845.714076038167
107957.5192195529,-29.9724923155598,135.17035814067734,170.0711488514475,165.85920986423514,-0.0621517459644787,5874.034074951099
108193.6175346279,-30.021573802313625,135.191384158954,176.5787464612032,159.65001280749323,0.0639579720124118,5829.730230759249
108428.84398569916,-30.07412085565381,135.195218261913,176.6826831133605,176.38700602340668,0.0009978572547282,5967.91923545657
108665.52238286716,-30.12790397443846,135.19520079445132,184.6788261805914,180.01609444298492,0.0765081026411414,5988.188989361847
108891.97124756656,-30.179346224831097,135.20246367552667,189.3713212944475,173.04158497018307,0.0468891695125034,5733.9489733716255
109115.60355409991,-30.218114324975364,135.24050318221066,186.39510597857316,139.71019182445696,-0.0290120734293403,5877.71026993773
109339.21781930616,-30.262876565567137,135.27119536505168,172.95580545851863,149.366733155318,-0.1303376119022562,5907.8408752579935
109564.0806571749,-30.311947868138336,135.29351138883968,179.89069877945013,158.56596537814926,0.0675413482516702,5882.913872735697
109785.71296745451,-30.356586434213433,135.32471332360035,171.76199846405683,148.90553731388502,-0.079861124457666,5831.872798559532
110007.38267334655,-30.404334107327134,135.344335997604,164.60749502353843,160.48377522523924,-0.0707329486211976,5795.356356506836
110234.50072512044,-30.455442560136397,135.35014082318833,159.66127931959443,174.40815354907818,-0.0479045879532215,5915.86798821133
110462.86136228696,-30.5080364342474,135.34876603454532,148.95570574325416,181.290133050562,-0.1042062700219406,5886.243761909932
110688.42874944989,-30.556110554418662,135.37079035103034,142.7876705015031,158.4709012069584,-0.0602920301091867,5861.508663030263
110909.8902978898,-30.606364424933897,135.38708664902234,136.65445072752794,164.4057403267293,-0.0606583462685143,5793.225470261916
111132.69016747767,-30.652544513126607,135.41362898312465,151.42684199775724,153.69127444855008,0.1454894621553826,5817.561226799406
111356.62160244962,-30.689105935031137,135.45668338419534,159.33231811067043,134.64491791916703,0.0774008956604951,5852.001283855691
111580.49845157152,-30.728907162648568,135.4950677777587,152.83231927716895,140.34542920647175,-0.0642129560610728,5799.800646473001
111796.11191727848,-30.775732705168465,135.51929015234865,133.15328646341072,156.0385837220647,-0.1932694302331475,5833.934768094745
112198.5454653136,-30.819014423432066,135.54931887831734,145.81659355637495,149.2144319895009,0.1267811331963678,5722.877281866266
112575.69058715478,-30.85670996442279,135.58912938128765,137.03482248022559,137.80860204992064,-0.0873509036230014,5760.192609534339
112771.38208735356,-30.877238491543068,135.64289807020634,132.17415513583254,113.99298103432034,-0.0480468979565156,5796.329649053383
112973.72131644796,-30.905228186858135,135.69123846572165,135.49576348140866,124.02100903169855,0.032912794107496,5782.375019338599
113176.02757598294,-30.9447475983332,135.72996277442763,143.38075427193792,139.9601541983418,0.0782174620340983,5775.90222692295
113378.4958582506,-30.989293336251432,135.75984382677467,156.28115771099596,150.1009401063435,0.128161436945946,5767.237446298912
113582.2192297156,-31.026685421512095,135.800591894817,181.32458307749266,136.96438479715675,0.2471425368862817,5805.854779364828
113783.61869990636,-31.066142818178,135.83632199810734,155.74081285554433,142.20425821088122,-0.25503547124161,5747.562758878636
113981.95700539475,-31.098380746269935,135.88117301175967,152.96789416410306,130.0174874468786,-0.0278955128566863,5695.415109065652
114186.00683967708,-31.1201529963424,135.93505219893768,166.94064833881146,115.27987361772841,0.1373163246190055,5830.175777103892
114393.7115858246,-31.13466401235197,135.99436429350197,163.4295638955345,105.96556084447968,-0.0340820147013142,5902.53534450745
114598.28223452542,-31.156564079146605,136.04995585477567,157.74445042256409,114.73074443610182,-0.0556890512815592,5849.137271774476
114803.19826587132,-31.167220688039095,136.10918168767563,153.14656068429355,101.89004023108009,-0.0449588534133293,5859.571643851309
115009.64959296532,-31.179390014583163,136.16928091924265,144.12359858649256,103.33018049236733,-0.0875760360354264,5903.181597525354
115212.0051687968,-31.185108315037336,136.22950382636068,122.66308085526603,96.34876576747342,-0.2125859096802801,5783.974354607883
115417.39115339218,-31.198562676845704,136.2879540952863,113.4159349182903,105.07578617356126,-0.0902255401190271,5872.195346051384
115622.73633819877,-31.22274008664083,136.342406839082,106.82592509049712,117.44991678092799,-0.0643208002829728,5870.256430359328
115820.53208780324,-31.23418434273484,136.39924200539733,111.69529267560243,103.26522644743392,0.0493838841352152,5649.497752606752
116024.51159271967,-31.232306633336204,136.45873598010766,91.793269401025,87.90153400154958,-0.1982194499839541,5752.701806908906
116230.76488946626,-31.249159147891294,136.512551844063,126.8830052723499,110.12975574932148,0.3501326157660642,5742.020744407626
116438.96118151998,-31.2525706070667,136.569841643955,200.65125688248224,93.99929993919625,0.7407720920514783,5705.363390333974
116652.39066584996,-31.26708467057507,136.62665813781433,196.7063036936146,106.65297980593039,-0.0384721675399607,5875.13385863565
116863.18141729028,-31.25917702002476,136.68655849865002,190.09463091637508,81.23620023732286,-0.0643366418545102,5888.103194737949
117072.20102201511,-31.248634671898436,136.746102084788,190.82311850847066,78.31440582893163,0.0072010997848961,5796.234669945285
117281.07372087568,-31.260596400735437,136.80263893389832,174.80590341617545,103.91561755161581,-0.1594772210121877,5754.530010988548
117494.62125521812,-31.300266519702532,136.84104597862134,177.86891784608179,140.40476080795128,0.0298368766680896,5881.908669918792
117705.90284526224,-31.343685034934733,136.87609959053864,192.36143623445383,145.41585744057818,0.1427976760359564,5814.92949995149
117919.3014186375,-31.37756129217237,136.92074209113665,131.04845987313888,131.63781783842552,-0.598696093043022,5867.495977851697
118131.77148250498,-31.403095282034663,136.97473237440167,75.4088678848461,119.00158532143803,-0.5463552278495878,5834.696927041029
118342.84199196496,-31.44078402888813,137.00989724954434,89.27659502682629,141.48216689708676,0.1372758843043856,5788.05753339725
118554.77900978892,-31.470725883675495,137.057576330325,111.35499607977168,126.37192411201897,0.2176676503270294,5811.580687855836
118764.05736741208,-31.504927907789497,137.10189413073235,148.5624240909383,132.15684559706244,0.3661108870625257,5822.8248670014655
118967.56319990668,-31.549095508810392,137.126896107446,162.22471987698873,154.24853113494623,0.1364181103598372,5738.170729275307
119177.55766458804,-31.5987655134899,137.14166532223933,117.6680783538075,165.78824016972953,-0.430184888693143,5934.3310387323745
119384.7678560785,-31.650350561838263,137.15442537272304,92.83000019912889,168.10915463224546,-0.243175502720383,5852.18695351986
119585.71139120318,-31.687134082469903,137.191161202505,71.74257580493283,139.64529879249767,-0.2131811999580496,5667.5487491531185
119789.10734373095,-31.719707812823337,137.233127297445,87.12447529890605,132.38615120726877,0.1535529278376736,5739.49207162346
119998.62466981784,-31.759727448132537,137.27265841492235,102.1630401892066,139.9779439497554,0.145525690780387,5920.9095017497275
120209.03473144217,-31.803046601073767,137.3076904062207,96.9542353692099,145.50293621524992,-0.0501520109902361,5950.757514608271
120419.92353334372,-31.851359420075703,137.33493992012802,87.88692849220092,154.40263339417288,-0.087092967552173,5965.097183785274
120630.33211708824,-31.899758175825166,137.36225668696298,96.27562415404688,154.39901003818068,0.0807770072101028,5950.165216624354
120839.39828409917,-31.94758501061063,137.38858940566502,129.97931812362145,154.95978356825367,0.3266737467362204,5911.275432653942
121050.78007730847,-31.99444112794377,137.41933703272366,127.74259916822747,150.90447371672474,-0.0214427649027545,5976.587007274592
121259.23954879334,-32.0423334237088,137.44399823353,83.339371691956,156.42054234753653,-0.4316795932808505,5893.420564558664
121470.76361766164,-32.09515561557896,137.44224150371164,53.56170038454769,181.61385765124447,-0.28537191219151,5978.586919756597
121677.13101116628,-32.1442970521369,137.45305757409096,55.993509152641735,169.44345516882845,0.0238956453630749,5830.868712658609
121885.9916939663,-32.18616156343293,137.49210067384038,52.78437891916662,141.720485640547,-0.0308376686400977,5962.50004101971
122093.06918222769,-32.227734730632235,137.5318721872977,50.547479766246894,141.02181439509604,-0.0215756793936824,5940.247454649619
122293.2053010295,-32.27215980479466,137.5657806880203,48.088369149642816,147.1658982606989,-0.023790991814849,5922.268927923909
122679.84047282425,-32.321079245071964,137.5904255104207,42.39667780595599,156.94008992410522,-0.0551484698546908,5913.30625193328
124965.66027967376,-32.36717989540956,137.61867670829733,49.61754093481562,152.63526918385242,0.0706551076006091,5855.553633115133
125215.33151933468,-32.40676476285993,137.66056441251635,15.615637835170894,138.2280287100847,-0.3299895695813996,5903.653272279117
125468.39041642092,-32.44241176633723,137.704800245381,12.30795473735418,133.68355080373487,-0.0329033569603869,5759.7849625618765
125717.8720789379,-32.475706401995026,137.75000030880366,14.173134567237476,131.13271059924546,0.0190266719475191,5616.690541137732
125965.66637356408,-32.5070356554779,137.79346776169967,15.802423925305355,130.5257529862139,0.0167215260521486,5582.708233768279
126225.53906825167,-32.535045568339235,137.8433064535287,26.44027830560147,123.69791164921287,0.1052197961682719,5792.669213217376
126499.52503662108,-32.57652639899007,137.88005151444568,33.56128789870002,143.26340833886275,0.0689316182345122,5918.96156157234
126768.09794009196,-32.622105548274206,137.91185941870364,38.96782663346562,149.55648590600572,0.0535989065289439,5779.441801606166
127038.68408660432,-32.6705883756862,137.93336345753,60.25890236796285,159.5267827156921,0.2085654472613965,5848.9237251834775
127305.25002508287,-32.72118669878526,137.94136867328734,9.495953868051853,172.41826336286954,-0.5069287589422852,5737.348218741602
127571.67661574656,-32.771644352397296,137.95313721756835,40.26021799572244,168.90448912289798,0.30182523060165,5839.95640809468
127828.76624336829,-32.82037020768607,137.97291761587368,57.55647231506406,161.1633695588131,0.1719734411405629,5762.514207557431
128091.00702516155,-32.87117520811113,137.98216806346431,24.294803609269017,171.30542405656217,-0.3215532383033354,5926.649155563201
128356.82359490858,-32.92491232496797,137.98238772554834,21.197013339563785,179.8034096418255,-0.0296545371424166,5985.265983745383
128605.72482437872,-32.976865457903635,137.98636429162133,11.141248787845385,176.3260937513204,-0.1007549537036375,5718.351838044884
128857.5705179537,-33.018181623432405,138.01484358183131,5.593281708713665,149.97498827568063,-0.055931807748829,5683.259853957636
129120.10148950256,-33.064280018486,138.0400774820237,4.7066832787110116,155.3580481926026,-0.0088974767235656,5709.298190036148
129386.900723713,-33.10979732716483,138.06528346750798,16.11441666267953,155.1170209503549,0.1151764840741767,5674.891897937017
129665.01280531572,-33.1603465491417,138.06810631725432,4.3854428321711865,177.32342566503553,-0.1176297792260415,5713.007018782178
129946.59425977926,-33.20367764439593,138.0863300259873,37.15808575402547,160.61346418177175,0.3301916166340103,5686.738369166895
130216.68192802883,-33.243024183972196,138.12609759492634,98.40110758049344,139.79662274311596,0.6059941034551027,5790.214478318447
130473.18588570687,-33.2842717510842,138.161569116581,143.83079479789188,144.29111167403204,0.4498481231072377,5786.121412464937
130731.48338018302,-33.33052027219087,138.1809916655287,92.13022909659824,160.66547003266487,-0.5127558413523657,5776.911529275255
130991.96571738514,-33.38197491252767,138.172097739631,63.836402934921644,188.21291897329846,-0.2762000109305973,5869.312830912255
131255.69559976785,-33.432383271839896,138.156952450676,68.43561602026762,194.07579589906973,0.044934485019757,5864.436740072837
131523.1040708944,-33.48143126556416,138.17256316547164,78.95069856492105,165.1333596898752,0.1021385232820617,5898.550257961352
131786.11438030124,-33.52672558079627,138.20268764790868,88.25586979083067,150.9965611057563,0.0916602034318677,5816.554667203312
132055.61858100523,-33.57389593040327,138.22391886706237,113.92850392589739,159.44424636673045,0.2495265856880223,5894.859985931118
132325.30538950182,-33.626778193293895,138.22635390223667,119.22274439683427,177.80429472672995,0.0515468255254047,5884.6990048477255
132593.29915139332,-33.67853094439617,138.21849497021802,138.236487896812,187.20215863855935,0.1855757093322333,5870.398931669178
132864.45535592327,-33.73068196939587,138.21062893995935,126.84310632575891,187.14981920843186,-0.1103653461171801,5914.826474038213
133127.15608251558,-33.78197102326854,138.21025644981333,98.57186839277968,180.34585325822562,-0.2856524467228722,5670.559496266431
133392.62207958748,-33.83034068162867,138.198783961847,86.6080738083395,191.1458751037619,-0.1181012981724921,5804.11880687451
133656.91454940717,-33.87884059746227,138.17596343096133,83.23271273877998,201.3367791175334,-0.0332839909650829,5810.418650425808
133919.0192362695,-33.92828664397267,138.16406459846334,92.14296693073099,191.29163334168436,0.0894045267208126,5710.220320652435
134166.2630372515,-33.9710747485153,138.19286131162568,118.49509336774827,150.83434439498978,0.2584342283911667,5842.319711612674
134385.07919947704,-34.01592132203253,138.21337714169098,69.92438061898015,159.23467885728485,-0.4787079327363512,5813.214912603304
134606.92417176388,-34.067533910460796,138.2050583917137,13.579216816182466,187.60484527529238,-0.5451737556364505,5921.493138960974
134846.04729998036,-34.11786300842633,138.184218403732,12.037426009726211,198.92141776620173,-0.0147930848335135,5971.58098755591
135074.52288697974,-34.16541700276014,138.16037318151467,5.258527185163707,202.53243182310928,-0.0688227283153421,5643.515087240361
135294.916022534,-34.20537422265467,138.17662835640965,15.773503322683773,161.4051101407971,0.1071379376914157,5623.246677677234
135518.11827780528,-34.243837973437806,138.21467124880166,8.316629791735078,140.73466825603055,-0.0762765972047112,5601.287222290732
135733.11384416782,-34.2866276356274,138.24157569646303,11.245203701714313,152.549702433142,0.0312040288879193,5377.347554930129
135901.61085412867,-34.32521160839613,138.26808463308168,11.207203941968313,150.43139165209118,-0.0005067980582036,4296.042221664322
136076.85433015644,-34.357343851170896,138.29068075197765,9.792333452553805,149.86497990587043,-0.0182657683513871,4438.143706590906
136254.0013108333,-34.39294649035064,138.31303535799768,12.863325000770164,152.61149992426635,0.0390707244633727,4503.49538629097
136427.12752249392,-34.425081093665796,138.33557263036766,15.25114559026991,149.95172754522434,0.0312521671845216,4377.6813184483635
136619.0186668511,-34.45924154657693,138.36244828598834,14.16893411204056,147.03092905683513,-0.0125329507819243,4947.45015225249
136841.52497059517,-34.49792010436903,138.40043576397667,10.828429597737543,141.0168006950978,-0.0329476388776142,5809.120032185194
137061.1870476399,-34.5362137628792,138.44215582306597,13.223435692752172,138.0980466834638,0.0245219615186848,5595.952537045393
137271.3209538131,-34.57304668056423,138.48468952732767,9.515552038013524,136.4490871659509,-0.0365716277764791,5809.040187897823
137475.41111631325,-34.615038073728094,138.51964749126734,15.301404106478776,145.5865859984998,0.057047241845873,5811.057364713337
137689.00598986144,-34.648548368771166,138.555213746853,19.749535445958927,138.87926960566773,0.0446279448076836,5710.751459203202
137908.09324597445,-34.64514573837806,138.616966250908,31.888754911148794,86.18570795274087,0.1216450346953794,5717.6603930711735
137953.6242602921,-34.64017341216529,138.6505242503887,33.04305560084607,79.79998530751413,0.1128950160708717,585.8227804922903
